{
    "vertexPositions": [-0.5, -0.2887513, -0.204, 
                        0.5, -0.2887513, -0.204, 
                        0.0, 0.57735027, -0.20412415,
                        0.5, -0.2887513, -0.204, 
                        0.0, 0.57735027, -0.20412415,
                        0.0, 0.0, 0.61237244,
                        0.0, 0.57735027, -0.20412415,
                        0.0, 0.0, 0.61237244,
                        -0.5, -0.2887513, -0.204, 
                        0.0, 0.0, 0.61237244,
                        -0.5, -0.2887513, -0.204, 
                        0.5, -0.2887513, -0.204
                    ],

    "vertexNormals": [-0.81649658, -0.47140452, -0.33333333, 
        0.81649658, -0.47140452, -0.33333333,
        0.0        ,  0.94280904, -0.33333333,
        0.81649658, -0.47140452, -0.33333333,
        0.0        ,  0.94280904, -0.33333333,
        0.0, 0.0, 1.0,
        0.0        ,  0.94280904, -0.33333333,
        0.0, 0.0, 1.0,
        -0.81649658, -0.47140452, -0.33333333, 
        0.0, 0.0, 1.0,
        -0.81649658, -0.47140452, -0.33333333, 
        0.81649658, -0.47140452, -0.33333333
    ],

    "vertexFrontcolors": [1.0, 1.0, 1.0, 
        1.0, 1.0, 1.0, 
        1.0, 1.0, 1.0, 
        1.0, 1.0, 1.0,
        1.0, 1.0, 1.0, 
        1.0, 1.0, 1.0, 
        1.0, 1.0, 1.0, 
        1.0, 1.0, 1.0,
        1.0, 1.0, 1.0, 
        1.0, 1.0, 1.0, 
        1.0, 1.0, 1.0, 
        1.0, 1.0, 1.0
    ],
    "vertexBackcolors":[1.0, 1.0, 1.0, 
        1.0, 1.0, 1.0, 
        1.0, 1.0, 1.0, 
        1.0, 1.0, 1.0,
        1.0, 1.0, 1.0, 
        1.0, 1.0, 1.0, 
        1.0, 1.0, 1.0, 
        1.0, 1.0, 1.0,
        1.0, 1.0, 1.0, 
        1.0, 1.0, 1.0, 
        1.0, 1.0, 1.0, 
        1.0, 1.0, 1.0,
        1.0, 1.0, 1.0, 
        1.0, 1.0, 1.0, 
        1.0, 1.0, 1.0, 
        1.0, 1.0, 1.0
    ]
}